Address,Price,Links
"APARTMENT FOR SALE IN LAKE VIEW MOKATTAM, AL HADABA AL WOSTA","1,783,500 EGP",https://www.propertyfinder.eg/en/plp/buy/apartment-for-sale-cairo-mokattam-al-hadaba-al-wosta-lake-view-mokattam-4912691.html
"APARTMENT FOR SALE IN LAKE VIEW MOKATTAM, AL HADABA AL WOSTA","1,783,500 EGP",https://www.propertyfinder.eg/en/plp/buy/apartment-for-sale-cairo-mokattam-al-hadaba-al-wosta-lake-view-mokattam-4912691.html
"APARTMENT FOR SALE IN UNA COMPOUND, AL HADABA AL WOSTA","1,920,000 EGP",https://www.propertyfinder.eg/en/plp/buy/apartment-for-sale-cairo-mokattam-al-hadaba-al-wosta-una-compound-5139106.html
"APARTMENT FOR SALE IN UNA COMPOUND, AL HADABA AL WOSTA","1,920,000 EGP",https://www.propertyfinder.eg/en/plp/buy/apartment-for-sale-cairo-mokattam-al-hadaba-al-wosta-una-compound-5139106.html
"APARTMENT FOR SALE IN MIDTOWN CONDO, NEW CAPITAL COMPOUNDS","797,362 EGP",https://www.propertyfinder.eg/en/plp/buy/apartment-for-sale-cairo-new-capital-city-new-capital-compounds-midtown-condo-5209028.html
"APARTMENT FOR SALE IN MIDTOWN CONDO, NEW CAPITAL COMPOUNDS","797,362 EGP",https://www.propertyfinder.eg/en/plp/buy/apartment-for-sale-cairo-new-capital-city-new-capital-compounds-midtown-condo-5209028.html
"APARTMENT FOR SALE IN PALM HILLS NEW CAIRO, 5TH SETTLEMENT COMPOUNDS","1,591,000 EGP",https://www.propertyfinder.eg/en/plp/buy/apartment-for-sale-cairo-new-cairo-city-the-5th-settlement-5th-settlement-compounds-palm-hills-new-cairo-5206265.html
"APARTMENT FOR SALE IN PALM HILLS NEW CAIRO, 5TH SETTLEMENT COMPOUNDS","1,591,000 EGP",https://www.propertyfinder.eg/en/plp/buy/apartment-for-sale-cairo-new-cairo-city-the-5th-settlement-5th-settlement-compounds-palm-hills-new-cairo-5206265.html
"APARTMENT FOR SALE IN BLOOMFIELDS, MOSTAKBAL CITY COMPOUNDS","1,118,800 EGP",https://www.propertyfinder.eg/en/plp/buy/apartment-for-sale-cairo-new-cairo-city-the-5th-settlement-mostakbal-city-compounds-bloomfields-5203148.html
"APARTMENT FOR SALE IN BLOOMFIELDS, MOSTAKBAL CITY COMPOUNDS","1,118,800 EGP",https://www.propertyfinder.eg/en/plp/buy/apartment-for-sale-cairo-new-cairo-city-the-5th-settlement-mostakbal-city-compounds-bloomfields-5203148.html
"APARTMENT FOR SALE IN PALM HILLS NEW CAIRO, 5TH SETTLEMENT COMPOUNDS","2,000,000 EGP",https://www.propertyfinder.eg/en/plp/buy/apartment-for-sale-cairo-new-cairo-city-the-5th-settlement-5th-settlement-compounds-palm-hills-new-cairo-5205182.html
"APARTMENT FOR SALE IN PALM HILLS NEW CAIRO, 5TH SETTLEMENT COMPOUNDS","2,000,000 EGP",https://www.propertyfinder.eg/en/plp/buy/apartment-for-sale-cairo-new-cairo-city-the-5th-settlement-5th-settlement-compounds-palm-hills-new-cairo-5205182.html
"APARTMENT FOR SALE IN ALIVA, MOSTAKBAL CITY COMPOUNDS","600,000 EGP",https://www.propertyfinder.eg/en/plp/buy/apartment-for-sale-cairo-mostakbal-city-future-city-mostakbal-city-compounds-aliva-5203559.html
"APARTMENT FOR SALE IN ALIVA, MOSTAKBAL CITY COMPOUNDS","600,000 EGP",https://www.propertyfinder.eg/en/plp/buy/apartment-for-sale-cairo-mostakbal-city-future-city-mostakbal-city-compounds-aliva-5203559.html
"APARTMENT FOR SALE IN KEEVA, 6 OCTOBER COMPOUNDS","1,565,000 EGP",https://www.propertyfinder.eg/en/plp/buy/apartment-for-sale-giza-6-october-city-6-october-compounds-keeva-5209851.html
"APARTMENT FOR SALE IN KEEVA, 6 OCTOBER COMPOUNDS","1,565,000 EGP",https://www.propertyfinder.eg/en/plp/buy/apartment-for-sale-giza-6-october-city-6-october-compounds-keeva-5209851.html
"APARTMENT FOR SALE IN SARAI, MOSTAKBAL CITY COMPOUNDS","551,000 EGP",https://www.propertyfinder.eg/en/plp/buy/apartment-for-sale-cairo-new-cairo-city-the-5th-settlement-mostakbal-city-compounds-sarai-5201624.html
"APARTMENT FOR SALE IN SARAI, MOSTAKBAL CITY COMPOUNDS","551,000 EGP",https://www.propertyfinder.eg/en/plp/buy/apartment-for-sale-cairo-new-cairo-city-the-5th-settlement-mostakbal-city-compounds-sarai-5201624.html
"APARTMENT FOR SALE IN SARAI, MOSTAKBAL CITY COMPOUNDS","725,000 EGP",https://www.propertyfinder.eg/en/plp/buy/apartment-for-sale-cairo-new-cairo-city-the-5th-settlement-mostakbal-city-compounds-sarai-5209612.html
"APARTMENT FOR SALE IN SARAI, MOSTAKBAL CITY COMPOUNDS","725,000 EGP",https://www.propertyfinder.eg/en/plp/buy/apartment-for-sale-cairo-new-cairo-city-the-5th-settlement-mostakbal-city-compounds-sarai-5209612.html
"APARTMENT FOR SALE IN JAZEBEYA, 26TH OF JULY CORRIDOR","1,050,000 EGP",https://www.propertyfinder.eg/en/plp/buy/apartment-for-sale-giza-6-october-city-26th-of-july-corridor-jazebeya-5206907.html
"APARTMENT FOR SALE IN JAZEBEYA, 26TH OF JULY CORRIDOR","1,050,000 EGP",https://www.propertyfinder.eg/en/plp/buy/apartment-for-sale-giza-6-october-city-26th-of-july-corridor-jazebeya-5206907.html
"APARTMENT FOR SALE IN MOUNTAIN VIEW ICITY OCTOBER, 6 OCTOBER COMPOUNDS","2,000,000 EGP",https://www.propertyfinder.eg/en/plp/buy/apartment-for-sale-giza-6-october-city-6-october-compounds-mountain-view-icity-october-5200994.html
"APARTMENT FOR SALE IN MOUNTAIN VIEW ICITY OCTOBER, 6 OCTOBER COMPOUNDS","2,000,000 EGP",https://www.propertyfinder.eg/en/plp/buy/apartment-for-sale-giza-6-october-city-6-october-compounds-mountain-view-icity-october-5200994.html
"APARTMENT FOR SALE IN SARAI, MOSTAKBAL CITY COMPOUNDS","1,215,000 EGP",https://www.propertyfinder.eg/en/plp/buy/apartment-for-sale-cairo-new-cairo-city-the-5th-settlement-mostakbal-city-compounds-sarai-5202903.html
"APARTMENT FOR SALE IN SARAI, MOSTAKBAL CITY COMPOUNDS","1,215,000 EGP",https://www.propertyfinder.eg/en/plp/buy/apartment-for-sale-cairo-new-cairo-city-the-5th-settlement-mostakbal-city-compounds-sarai-5202903.html
"APARTMENT FOR SALE IN ALIVA, MOSTAKBAL CITY COMPOUNDS","1,000,000 EGP",https://www.propertyfinder.eg/en/plp/buy/apartment-for-sale-cairo-mostakbal-city-future-city-mostakbal-city-compounds-aliva-5209336.html
"APARTMENT FOR SALE IN ALIVA, MOSTAKBAL CITY COMPOUNDS","1,000,000 EGP",https://www.propertyfinder.eg/en/plp/buy/apartment-for-sale-cairo-mostakbal-city-future-city-mostakbal-city-compounds-aliva-5209336.html
"APARTMENT FOR SALE IN SARAI, MOSTAKBAL CITY COMPOUNDS","770,000 EGP",https://www.propertyfinder.eg/en/plp/buy/apartment-for-sale-cairo-new-cairo-city-the-5th-settlement-mostakbal-city-compounds-sarai-5205183.html
"APARTMENT FOR SALE IN SARAI, MOSTAKBAL CITY COMPOUNDS","770,000 EGP",https://www.propertyfinder.eg/en/plp/buy/apartment-for-sale-cairo-new-cairo-city-the-5th-settlement-mostakbal-city-compounds-sarai-5205183.html
"APARTMENT FOR SALE IN TAJ CITY, 5TH SETTLEMENT COMPOUNDS","1,219,000 EGP",https://www.propertyfinder.eg/en/plp/buy/apartment-for-sale-cairo-new-cairo-city-the-5th-settlement-5th-settlement-compounds-taj-city-5211181.html
"APARTMENT FOR SALE IN TAJ CITY, 5TH SETTLEMENT COMPOUNDS","1,219,000 EGP",https://www.propertyfinder.eg/en/plp/buy/apartment-for-sale-cairo-new-cairo-city-the-5th-settlement-5th-settlement-compounds-taj-city-5211181.html
"APARTMENT FOR SALE IN STONE PARK, 5TH SETTLEMENT COMPOUNDS","1,300,000 EGP",https://www.propertyfinder.eg/en/plp/buy/apartment-for-sale-cairo-new-cairo-city-the-5th-settlement-5th-settlement-compounds-stone-park-5205300.html
"APARTMENT FOR SALE IN STONE PARK, 5TH SETTLEMENT COMPOUNDS","1,300,000 EGP",https://www.propertyfinder.eg/en/plp/buy/apartment-for-sale-cairo-new-cairo-city-the-5th-settlement-5th-settlement-compounds-stone-park-5205300.html
"APARTMENT FOR SALE IN SARAI, MOSTAKBAL CITY COMPOUNDS","763,000 EGP",https://www.propertyfinder.eg/en/plp/buy/apartment-for-sale-cairo-new-cairo-city-the-5th-settlement-mostakbal-city-compounds-sarai-5201606.html
"APARTMENT FOR SALE IN SARAI, MOSTAKBAL CITY COMPOUNDS","763,000 EGP",https://www.propertyfinder.eg/en/plp/buy/apartment-for-sale-cairo-new-cairo-city-the-5th-settlement-mostakbal-city-compounds-sarai-5201606.html
"APARTMENT FOR SALE IN SARAI, MOSTAKBAL CITY COMPOUNDS","1,280,000 EGP",https://www.propertyfinder.eg/en/plp/buy/apartment-for-sale-cairo-new-cairo-city-the-5th-settlement-mostakbal-city-compounds-sarai-5203342.html
"APARTMENT FOR SALE IN SARAI, MOSTAKBAL CITY COMPOUNDS","1,280,000 EGP",https://www.propertyfinder.eg/en/plp/buy/apartment-for-sale-cairo-new-cairo-city-the-5th-settlement-mostakbal-city-compounds-sarai-5203342.html
"APARTMENT FOR SALE IN DEJOYA RESIDENCE, NEW ZAYED CITY","1,375,000 EGP",https://www.propertyfinder.eg/en/plp/buy/apartment-for-sale-giza-sheikh-zayed-city-new-zayed-city-dejoya-residence-5209532.html
"APARTMENT FOR SALE IN DEJOYA RESIDENCE, NEW ZAYED CITY","1,375,000 EGP",https://www.propertyfinder.eg/en/plp/buy/apartment-for-sale-giza-sheikh-zayed-city-new-zayed-city-dejoya-residence-5209532.html
"APARTMENT FOR SALE IN LA VERDE, NEW CAPITAL COMPOUNDS","900,000 EGP",https://www.propertyfinder.eg/en/plp/buy/apartment-for-sale-cairo-new-capital-city-new-capital-compounds-la-verde-5207590.html
"APARTMENT FOR SALE IN LA VERDE, NEW CAPITAL COMPOUNDS","900,000 EGP",https://www.propertyfinder.eg/en/plp/buy/apartment-for-sale-cairo-new-capital-city-new-capital-compounds-la-verde-5207590.html
"APARTMENT FOR SALE IN LUMIA RESIDENCE, R7","498,000 EGP",https://www.propertyfinder.eg/en/plp/buy/apartment-for-sale-cairo-new-capital-city-r7-lumia-residence-5211913.html
"APARTMENT FOR SALE IN LUMIA RESIDENCE, R7","498,000 EGP",https://www.propertyfinder.eg/en/plp/buy/apartment-for-sale-cairo-new-capital-city-r7-lumia-residence-5211913.html
"APARTMENT FOR SALE IN CREEK TOWN, THE 1ST SETTLEMENT","1,114,000 EGP",https://www.propertyfinder.eg/en/plp/buy/apartment-for-sale-cairo-new-cairo-city-the-1st-settlement-creek-town-5210772.html
"APARTMENT FOR SALE IN CREEK TOWN, THE 1ST SETTLEMENT","1,114,000 EGP",https://www.propertyfinder.eg/en/plp/buy/apartment-for-sale-cairo-new-cairo-city-the-1st-settlement-creek-town-5210772.html
"APARTMENT FOR SALE IN 90 AVENUE, SOUTH INVESTORS AREA","1,211,096 EGP",https://www.propertyfinder.eg/en/plp/buy/apartment-for-sale-cairo-new-cairo-city-south-investors-area-90-avenue-5201599.html
"APARTMENT FOR SALE IN 90 AVENUE, SOUTH INVESTORS AREA","1,211,096 EGP",https://www.propertyfinder.eg/en/plp/buy/apartment-for-sale-cairo-new-cairo-city-south-investors-area-90-avenue-5201599.html
"APARTMENT FOR SALE IN BADYA PALM HILLS, 6 OCTOBER COMPOUNDS","1,399,000 EGP",https://www.propertyfinder.eg/en/plp/buy/apartment-for-sale-giza-6-october-city-6-october-compounds-badya-palm-hills-5208526.html
"APARTMENT FOR SALE IN BADYA PALM HILLS, 6 OCTOBER COMPOUNDS","1,399,000 EGP",https://www.propertyfinder.eg/en/plp/buy/apartment-for-sale-giza-6-october-city-6-october-compounds-badya-palm-hills-5208526.html
"APARTMENT FOR SALE IN VILLAGE WEST, SHEIKH ZAYED COMPOUNDS","1,130,000 EGP",https://www.propertyfinder.eg/en/plp/buy/apartment-for-sale-giza-sheikh-zayed-city-sheikh-zayed-compounds-village-west-5204525.html
"APARTMENT FOR SALE IN VILLAGE WEST, SHEIKH ZAYED COMPOUNDS","1,130,000 EGP",https://www.propertyfinder.eg/en/plp/buy/apartment-for-sale-giza-sheikh-zayed-city-sheikh-zayed-compounds-village-west-5204525.html
"APARTMENT FOR SALE IN IL BOSCO, NEW CAPITAL COMPOUNDS","760,000 EGP",https://www.propertyfinder.eg/en/plp/buy/apartment-for-sale-cairo-new-capital-city-new-capital-compounds-il-bosco-5207818.html
"APARTMENT FOR SALE IN IL BOSCO, NEW CAPITAL COMPOUNDS","760,000 EGP",https://www.propertyfinder.eg/en/plp/buy/apartment-for-sale-cairo-new-capital-city-new-capital-compounds-il-bosco-5207818.html
